lo,State,Region,Setting,Location,Aid Policy,Total Cost of Attendance (Out of State),Full-Time Undergrads,Full-Time International Undergrads,Percentage of All Internationals to Undergrads,Average International Noncitizen Financial Aid Award,Percentage of International Noncitizens Receiving Aid,Overall Ranking,"Institution Type 
(R/O: Regional/Others)",Acceptance Rate,SAT Range,ACT Range,High school GPA
Adelphi University,NY,Mid-Atlantic,Suburban,"Garden City, New York",Merit,"$66,256","4,769",264,6%,"$29,435",40%,163,NU,73%,1110-1310,22-29,3.7
Agnes Scott College,GA,Southeast,City,"Decatur, Georgia",Need & Merit,"$62,448",921,22,2%,"$35,518",100%,63,LAC,67%,1130-1350,24-31,3.8
Albion College,MI,Great Lakes,Rural,"Albion, Michigan",Merit,"$68,900","1,440",40,3%,"$47,757",108%,124,LAC,67%,N/A,N/A,3.4
Alfred University,NY,Mid-Atlantic,Rural,"Alfred, New York",Need & Merit,"$54,604","1,277",75,6%,"$22,767",92%,69,R/O,51%,1085-1295,25-30,3.3
Allegheny College,PA,Mid-Atlantic,Suburban,"Meadville, Pennsylvania",Merit,"$70,906","1,322",54,4%,"$42,909",93%,75,LAC,64%,1114-1372,23-30,3.5
Alma College,MI,Great Lakes,N/A,"Alma, Michigan",Need & Merit,"$61,550","1,214",32,3%,"$35,566",97%,7,R/O,65%,965-1200,18-25,3.6
American University,DC,Mid-Atlantic,Urban,"Washington, District of Columbia",Merit,"$71,703","7,411",682,9%,"$36,974",8%,105,NU,41%,1290-1435,29-33,N/A
Amherst College,MA,New England,N/A,"Amherst, Massachusetts",Need-Based,"$83,650","1,971",218,11%,"$76,739",80%,2,LAC,7%,N/A,32-35,N/A
Antioch College,OH,Great Lakes,N/A,"Yellow Springs, Ohio",Need & Merit,"$50,383",138,0,0%,,,100,LAC,83%,N/A,19-26,N/A
Arizona State University,AZ,Southwest,Urban,"Tempe, Arizona",Merit,"$50,101","58,993",4281,7%,"$10,349",53%,105,NU,90%,1120-1370,19-27,3.5
Auburn University,AL,Southeast,N/A,"Auburn, Alabama",No Aid,"$55,186","22,715",707,3%,$0,0%,93,NU,44%,1240-1390,25-31,N/A
Augustana College,IL,Great Lakes,Suburban,"Rock Island, Illinois",Need & Merit,"$62,242","2,295",338,15%,"$32,556",91%,100,LAC,61%,1020-1250,21-28,3.4
Austin College,TX,Southwest,N/A,"Sherman, Texas",Merit,"$60,558","1,164",14,1%,"$28,688",100%,93,LAC,55%,1130-1360,23-29,3.6
Babson College,MA,New England,Suburban,"Babson Park, Massachusetts",Need & Merit,"$77,248","2,709",782,29%,,,Unranked,R/O,22%,N/A,N/A,N/A
Bard College,NY,Mid-Atlantic,N/A,"Annandale on Hudson, New York",Need-Based,"$80,702","1,832",269,15%,"$58,322",78%,72,LAC,60%,N/A,N/A,N/A
Barnard College,NY,Mid-Atlantic,City,"New York, New York",,"$84,409","3,188",416,13%,"$36,454",42%,11,LAC,9%,1440-1550,32-34,N/A
Barry University,FL,Southeast,N/A,"Miami Shores, Florida",,"$50,558",,,,,,395-435,NU,60%,880-1070,17-22,N/A
Bates College,ME,New England,N/A,"Lewiston, Maine",Need-Based,"$80,440","1,790",158,9%,"$66,338",54%,24,LAC,14%,1310-1505,31-33,N/A
Baylor University,TX,Southwest,N/A,"Waco, Texas",Merit,"$70,171","14,885",506,3%,"$22,954",61%,93,NU,46%,1230-1410,28-33,N/A
Belmont University,TN,Southeast,City,"Nashville, Tennessee",Merit,"$60,480","7,087",54,1%,,,236,NU,96%,1150-1340,24-30,3.8
Beloit College,WI,Great Lakes,City,"Beloit, Wisconsin",Need & Merit,"$69,102",921,139,15%,"$44,061",99%,86,LAC,66%,1190-1360,26-31,3.3
Bennington College,VT,New England,N/A,"Bennington, Vermont",Need & Merit,"$82,968",695,114,16%,"$54,787",114%,112,LAC,45%,1260-1370,29-33,3.6
Bentley University,MA,New England,Suburban,"Waltham, Massachusetts",Merit,"$77,770","3,856",553,14%,"$21,541",43%,1,R/O,58%,1258-1420,28-32,N/A
Bethel University (TN),TN,Southeast,N/A,"McKenzie, Tennessee",Need & Merit,"$33,328","1,759",7,<1%,"$15,175",57%,110,R/O,47%,N/A,15-21,N/A
Biola University,CA,West Coast,Suburban,"La Mirada, California",,"$59,896","3,188",221,7%,"$20,747",82%,236,NU,58%,1105-1365,23-30,0
Birmingham-Southern College,AL,Southeast,Urban,"Birmingham, Alabama",Need & Merit,"$39,020",969,14,1%,"$12,139",79%,135,LAC,57%,1150-1280,22-29,3.7
Boise State University,ID,Rocky Mts,City,"Boise, Idaho",,"$46,053",,,,,,332,NU,84%,950-1200,20-27,3.5
Boston College,MA,New England,Suburban,"Chestnut Hill, Massachusetts",,"$83,746",,,,,,39,NU,17%,1435-1540,33-35,N/A
Boston University,MA,New England,Urban,"Boston, Massachusetts",Merit,"$82,760","17,415",3980,23%,"$41,958",5%,43,NU,14%,1350-1500,31-34,3.9
Bowdoin College,ME,New England,Suburban,"Brunswick, Maine",Need-Based,"$80,390","1,909",121,6%,"$72,348",53%,9,LAC,9%,1460-1560,33-35,N/A
Bradley University,IL,Great Lakes,N/A,"Peoria, Illinois",Merit,"$53,436","4,214",91,2%,"$31,205",97%,185,NU,75%,1050-1280,24-30,3.8
Brandeis University,MA,New England,Suburban,"Waltham, Massachusetts",Need & Merit,"$81,914","3,566",774,22%,"$47,514",16%,60,NU,39%,1340-1520,31-34,3.8
Bridgewater State University,MA,New England,N/A,"Bridgewater, Massachusetts",No Aid,"$35,453","6,520",34,1%,,,91,R/O,88%,1030-1215,19-25,3.3
Brigham Young University,UT,Rocky Mts,City,"Provo, Utah",,"$21,120","28,282",908,3%,"$6,354",64%,115,NU,67%,1280-1468,27-32,3.9
Brown University,RI,New England,City,"Providence, Rhode Island",Need-Based,"$83,686","7,166",831,12%,"$67,798",25%,9,NU,5%,1490-1580,34-36,N/A
Bryn Mawr College,PA,Mid-Atlantic,N/A,"Bryn Mawr, Pennsylvania",Need-Based,"$79,380","1,397",203,15%,"$67,924",37%,30,LAC,31%,1280-1500,29-35,N/A
Bucknell University,PA,Mid-Atlantic,Rural,"Lewisburg, Pennsylvania",Need & Merit,"$80,170","3,731",172,5%,"$59,140",58%,30,LAC,33%,1310-1470,30-33,3.6
Butler University,IN,Great Lakes,City,"Indianapolis, Indiana",Merit,"$64,180","4,447",52,1%,,,1,R/O,82%,1110-1320,24-30,3.9
California Institute of Technology,CA,West Coast,Suburban,"Pasadena, California",Need-Based,"$83,598",982,92,9%,"$65,437",46%,7,NU,3%,N/A,N/A,N/A
California Poly State U. - San Luis Obispo,CA,West Coast,N/A,"San Luis Obispo, California",Merit,"$47,828","19,888",337,2%,"$9,874",14%,1,R/O,30%,1240-1470,28-33,3.9
California State Poly. U. - Pomona,CA,West Coast,N/A,"Pomona, California",No Aid,"$39,989","21,473",395,2%,,,3,R/O,55%,N/A,N/A,3.8
California State University - Long Beach,CA,West Coast,N/A,"Long Beach, California",Need & Merit,"$38,062","27,580",1637,6%,"$1,702",7%,105,NU,40%,N/A,N/A,3.7
California State University - Los Angeles,CA,West Coast,N/A,"Los Angeles, California",Need & Merit,"$42,569","18,576",269,1%,"$11,204",14%,21,R/O,87%,N/A,N/A,3.4
California State University - Northridge,CA,West Coast,N/A,"Northridge, California",,"$35,587","28,117",1076,4%,,,25,R/O,68%,N/A,N/A,3.4
Calvin University,MI,Great Lakes,Suburban,"Grand Rapids, Michigan",Need & Merit,"$54,070","2,637",363,14%,"$26,925",98%,4,R/O,74%,1120-1370,25-30,3.8
Carleton College,MN,Plains,N/A,"Northfield, Minnesota",Need-Based,"$81,350","2,007",204,10%,"$58,987",46%,9,LAC,17%,1430-1550,32-35,N/A
Carnegie Mellon University,PA,Mid-Atlantic,N/A,"Pittsburgh, Pennsylvania",No Aid,"$80,230",,,,,,24,NU,11%,1490-1570,34-35,3.9
Case Western Reserve University,OH,Great Lakes,N/A,"Cleveland, Ohio",Need & Merit,"$82,004","5,909",823,14%,"$34,598",32%,53,NU,27%,1410-1540,32-35,3.8
Catawba College,NC,Southeast,N/A,"Salisbury, North Carolina",Need & Merit,"$49,278","1,034",67,6%,"$30,325",87%,6,R/O,67%,1000-1210,18-27,3.6
Catholic University,DC,Mid-Atlantic,N/A,"Washington, District of Columbia",,"$75,006",,,,,,178,NU,86%,1110-1340,22-29,3.5
Chapman University,CA,West Coast,Suburban,"Orange, California",Merit,"$82,546","7,149",209,3%,"$16,864",69%,133,NU,73%,1200-1400,26-31,N/A
Christopher Newport University,VA,Southeast,Urban,"Newport News, Virginia",Merit,"$46,437","4,346",16,<1%,"$4,315",31%,7,R/O,85%,1100-1290,22-29,3.8
Claremont McKenna College,CA,West Coast,N/A,"Claremont, California",Need & Merit,"$82,127","1,377",210,15%,"$63,162",19%,11,LAC,10%,1440-1550,33-35,N/A
Clark University,MA,New England,Urban,"Worcester, Massachusetts",Need & Merit,"$65,266","2,350",156,7%,"$27,097",79%,142,NU,50%,1250-1430,28-33,3.7
Clarkson University,NY,Mid-Atlantic,Rural,"Potsdam, New York",,"$77,058",,,,,,142,NU,78%,1190-1370,25-30,3.8
Clemson University,SC,Southeast,Rural,"Clemson, South Carolina",No Aid,"$58,694","22,341",155,1%,,,86,NU,43%,1220-1410,28-32,N/A
Coe College,IA,Plains,Urban,"Cedar Rapids, Iowa",Need & Merit,"$65,284","1,223",23,2%,"$31,942",165%,130,LAC,72%,1080-1280,22-28,3.6
Colby College,ME,New England,N/A,"Waterville, Maine",Need & Merit,"$81,550","2,299",237,10%,"$67,800",67%,25,LAC,8%,1430-1540,32-34,N/A
Colgate University,NY,Mid-Atlantic,Rural,"Hamilton, New York",Need & Merit,"$83,650","3,112",279,9%,"$70,084",53%,21,LAC,12%,1410-1530,32-34,3.9
College of Charleston,SC,Southeast,Urban,"Charleston, South Carolina",Merit,"$54,298","9,148",78,1%,"$9,091",54%,4,R/O,76%,1130-1300,24-30,N/A
College of the Atlantic,ME,New England,Rural,"Bar Harbor, Maine",Need & Merit,"$56,669",358,88,25%,"$50,199",100%,156,LAC,60%,1230-1460,27-32,3.8
College of the Holy Cross,MA,New England,City,"Worcester, Massachusetts",Need & Merit,"$76,880","3,210",112,3%,"$48,056",3%,27,LAC,36%,1260-1430,28-32,N/A
College of William and Mary,VA,Southeast,Suburban,"Williamsburg, Virginia",No Aid,"$64,344","6,457",283,4%,$0,0%,53,NU,33%,1375-1520,32-34,3.9
College of Wooster,OH,Great Lakes,Suburban,"Wooster, Ohio",Need & Merit,"$73,250","1,958",295,15%,"$40,467",101%,75,LAC,56%,1250-1450,27-32,3.7
Colorado College,CO,Rocky Mts,N/A,"Colorado Springs, Colorado",Need & Merit,"$83,228","2,174",132,6%,"$58,202",61%,33,LAC,14%,N/A,N/A,N/A
Colorado School of Mines,CO,Rocky Mts,Suburban,"Golden, Colorado",Merit,"$61,609","5,176",159,3%,"$23,037",18%,76,NU,58%,1330-1490,30-33,3.9
Colorado State University - Fort Collins,CO,Rocky Mts,City,"Fort Collins, Colorado",Need & Merit,"$50,309","23,252",572,2%,"$15,468",52%,151,NU,91%,1070-1290,23-29,3.7
Columbia College (MO),MO,Plains,N/A,"Columbia, Missouri",Merit,"$38,308",743,50,7%,"$21,973",96%,149-164,R/O,N/A,N/A,N/A,N/A
Columbia University,NY,Mid-Atlantic,N/A,"New York, New York",Need & Merit,"$86,097","6,668",1065,16%,"$79,375",23%,12,NU,4%,1470-1570,34-35,N/A
Connecticut College,CT,New England,Suburban,"New London, Connecticut",,"$82,285","1,915",147,8%,"$58,094",98%,46,LAC,40%,1360-1490,30-33,3.8
Cooper Union,NY,Mid-Atlantic,Urban,"New York, New York",,"$69,122",,,,,,2,R/O,22%,1380-1530,32-35,3.7
Cornell College,IA,Plains,Suburban,"Mount Vernon, Iowa",Need-Based,"$64,736","1,057",25,2%,"$36,873",100%,116,LAC,79%,1170-1380,23-30,3.6
Cornell University,NY,Mid-Atlantic,Rural,"Ithaca, New York",Need-Based,"$83,196","15,385",1153,7%,"$76,179",25%,12,NU,7%,1470-1570,33-35,N/A
Creighton University,NE,Plains,Urban,"Omaha, Nebraska",Merit,"$61,420","4,184",88,2%,"$37,253",76%,124,NU,76%,1208-1420,24-31,3.9
CUNY - Baruch College,NY,Mid-Atlantic,Urban,"New York, New York",,"$41,034",,,,,,9,R/O,50%,962-1418,N/A,3.6
Daemen University,NY,Mid-Atlantic,N/A,"Amherst, New York",Merit,"$48,890","1,557",19,1%,"$12,244",116%,345,NU,73%,1123-1205,N/A,3.6
Dartmouth College,NH,New England,Rural,"Hanover, New Hampshire",Need-Based,"$83,802","4,411",586,13%,"$79,007",65%,18,NU,6%,1500-1580,33-35,N/A
Davidson College,NC,Southeast,N/A,"Davidson, North Carolina",Need & Merit,"$75,865","1,922",189,10%,"$57,000",54%,16,LAC,17%,1350-1500,31-33,3.8
Denison University,OH,Great Lakes,Suburban,"Granville, Ohio",Need & Merit,"$76,900","2,312",403,17%,"$40,003",96%,39,LAC,22%,1270-1460,29-32,N/A
DePaul University,IL,Great Lakes,Urban,"Chicago, Illinois",Merit,"$62,553","12,834",414,3%,"$17,892",66%,59,R/O,70%,1070-1300,24-30,3.8
DePauw University,IN,Great Lakes,Rural,"Greencastle, Indiana",Need & Merit,"$72,210","1,733",364,21%,"$38,722",99%,46,LAC,66%,1140-1360,24-31,3.9
Dickinson College,PA,Mid-Atlantic,Suburban,"Carlisle, Pennsylvania",Need & Merit,"$80,541","2,076",245,12%,"$49,336",91%,46,LAC,35%,1260-1426,29-32,N/A
Drake University,IA,Plains,City,"Des Moines, Iowa",Need & Merit,"$64,237","2,739",108,4%,"$24,703",97%,178,NU,67%,1110-1340,25-30,3.7
Drexel University,PA,Mid-Atlantic,N/A,"Philadelphia, Pennsylvania",,"$79,145",,,,,,98,NU,80%,1230-1430,27-32,3.8
Duke University,NC,Southeast,N/A,"Durham, North Carolina",Need & Merit,"$82,749","6,640",656,10%,"$79,740",27%,7,NU,6%,1490-1570,34-35,N/A
Duquesne University,PA,Mid-Atlantic,Urban,"Pittsburgh, Pennsylvania",Merit,"$63,720","5,000",117,2%,"$28,854",83%,151,NU,87%,1160-1330,25-31,3.9
Earlham College,IN,Great Lakes,N/A,"Richmond, Indiana",Need-Based,"$65,851",653,113,17%,"$51,400",114%,100,LAC,73%,1130-1380,24-32,3.7
East Carolina University,NC,Southeast,City,"Greenville, North Carolina",Need & Merit,"$40,090","17,585",110,1%,"$14,842",40%,195,NU,92%,1040-1240,18-24,3.3
Eastern Michigan University,MI,Great Lakes,N/A,"Ypsilanti, Michigan",Merit,,"8,920",292,3%,"$19,455",29%,376,NU,83%,930-1180,18-25,3.3
Eckerd College,FL,Southeast,N/A,"St. Petersburg, Florida",,"$67,204",,,,,,130,LAC,65%,1107-1300,23-29,N/A
Elon University,NC,Southeast,N/A,"Elon, North Carolina",Merit,"$59,627","6,125",138,2%,"$31,746",62%,133,NU,74%,1170-1360,25-30,3.9
Embry Riddle Aeronautical U. - Daytona,FL,Southeast,Suburban,"Daytona Beach, Florida",,"$59,972",,744,,,,6,R/O,65%,1140-1340,23-29,N/A
Embry Riddle Aeronautical U. - Prescott,AZ,Southwest,N/A,"Prescott, Arizona",,"$60,158",,284,,,,1,R/O,68%,1170-1380,24-31,N/A
Emerson College,MA,New England,Urban,"Boston, Massachusetts",,"$77,370",,,,,,13,R/O,43%,1250-1430,30-32,3.7
Emory University/Oxford College,GA,Southeast,N/A,"Atlanta, Georgia",Need & Merit,"$78,814","6,949",1208,17%,"$51,447",6%,24,NU,11%,1430-1550,32-34,3.8
"Eugene Lang College, The New School",NY,Mid-Atlantic,Urban,"New York, New York",Merit,"$85,097","1,663",144,9%,"$11,937",65%,201,NU,57%,N/A,N/A,3.6
Evergreen State College,WA,West Coast,City,"Olympia, Washington",Merit,"$48,330",1609,0,0%,"$16,444",,69,R/O,96%,980-1220,22-29,3.3
Fairfield University,CT,New England,Suburban,"Fairfield, Connecticut",Need & Merit,"$74,085","4,655",99,2%,"$53,047",93%,124,NU,52%,1240-1370,28-31,3.8
Fairleigh Dickinson University,NJ,Mid-Atlantic,N/A,"Teaneck, New Jersey",,"$56,390",,,,,,14,R/O,87%,980-1280,20-27,3.2
Fashion Institute of Technology,NY,Mid-Atlantic,N/A,"New York, New York",Merit,"$49,000","6,857",916,13%,$888,2%,Unranked,R/O,53%,N/A,N/A,3.7
Flagler College,FL,Southeast,Suburban,"St. Augustine, Florida",Merit,"$42,450","2,524",70,3%,"$18,648",116%,3,R/O,81%,1050-1230,22-29,3.6
Florida Institute of Technology,FL,Southeast,Suburban,"Melbourne, Florida",,"$61,016",,,,,,269,NU,64%,1120-1320,22-28,3.5
Florida State University,FL,Southeast,City,"Tallahassee, Florida",Need & Merit,"$36,910","30,153",550,2%,"$8,486",82%,53,NU,25%,1210-1370,26-31,3.7
Fordham University,NY,Mid-Atlantic,Urban,"New York, New York",Merit,"$83,666","9,613",672,7%,"$35,706",50%,89,NU,54%,1320-1480,30-33,3.7
Franklin & Marshall College,PA,Mid-Atlantic,N/A,"Lancaster, Pennsylvania",Need & Merit,"$83,354","2,025",378,19%,"$56,879",35%,35,LAC,36%,1300-1440,30-32,N/A
Furman University,SC,Southeast,Suburban,"Greenville, South Carolina",Need-Based,"$73,920","2,250",80,4%,"$58,495",93%,46,LAC,67%,1260-1455,28-33,3.7
Gallaudet University,DC,Mid-Atlantic,City,"Washington, District of Columbia",Need & Merit,"$39,712",911,53,6%,"$12,379",36%,236,NU,59%,753-1091,14-20,3.8
Gannon University,PA,Mid-Atlantic,Urban,"Erie, Pennsylvania",,"$56,104",,,,,,260,NU,81%,1030-1263,21-27,3.6
George Mason University,VA,Southeast,N/A,"Fairfax, Virginia",Merit,"$56,885","21,013",1324,6%,"$10,450",42%,105,NU,90%,1140-1350,25-31,3.7
George Washington University,DC,Mid-Atlantic,N/A,"Washington, District of Columbia",Need & Merit,"$80,945","10,225",936,9%,"$33,092",14%,67,NU,49%,1330-1490,31-34,N/A
Georgetown University,DC,Mid-Atlantic,Urban,"Washington, District of Columbia",,"$84,696","7,143",1012,14%,"$76,211",3%,22,NU,12%,1390-1560,32-35,N/A
Georgia Institute of Technology,GA,Southeast,Urban,"Atlanta, Georgia",No Aid,"$49,218","15,178",1766,12%,,,33,NU,17%,1370-1550,31-35,N/A
Georgia State University,GA,Southeast,Urban,"Atlanta, Georgia",Merit,"$44,188","27,083",969,4%,"$2,905",27%,227,NU,61%,940-1190,19-26,3.6
Gettysburg College,PA,Mid-Atlantic,Suburban,"Gettysburg, Pennsylvania",Need & Merit,"$78,900","2,378",178,7%,"$51,688",71%,63,LAC,56%,1350-1440,28-32,N/A
Gonzaga University,WA,West Coast,Urban,"Spokane, Washington",Merit,"$69,707","4,899",182,4%,"$32,052",54%,93,NU,70%,1210-1410,26-31,3.7
Gordon College,MA,New England,N/A,"Wenham, Massachusetts",,"$41,390",,,,,,163,LAC,92%,1070-1305,23-32,3.7
Goshen College,IN,Great Lakes,N/A,"Goshen, Indiana",Need & Merit,"$51,410",667,67,10%,"$27,984",115%,12,R/O,94%,990-1220,22-29,3.5
Goucher College,MD,Mid-Atlantic,N/A,"Baltimore, Maryland",,"$70,000",953,31,3%,"$40,019",84%,124,LAC,81%,1110-1370,24-33,3.3
Grand Valley State University,MI,Great Lakes,N/A,"Allendale, Michigan",Need & Merit,"$33,101","16,455",233,1%,"$8,454",81%,235,NU,92%,N/A,N/A,N/A
Grinnell College,IA,Plains,Rural,"Grinnell, Iowa",Need & Merit,"$79,628","1,704",334,20%,"$51,496",64%,7,R/O,11%,1380-1530,31-34,N/A
Gustavus Adolphus College,MN,Plains,N/A,"St. Peter, Minnesota",Need-Based,"$66,120","2,058",88,4%,"$37,139",97%,67,LAC,74%,N/A,25-31,3.6
Hamilton College,NY,Mid-Atlantic,Rural,"Clinton, New York",Need-Based,"$80,380","2,070",151,7%,"$67,393",41%,16,LAC,12%,1420-1540,33-34,N/A
Hampshire College,MA,New England,N/A,"Amherst, Massachusetts",Need & Merit,"$71,374",491,34,7%,"$49,206",91%,139,LAC,69%,N/A,N/A,3.3
Harvard University,MA,New England,N/A,"Cambridge, Massachusetts",Need-Based,"$83,538","7,095",947,13%,"$72,516",70%,3,NU,3%,1490-1580,34-36,3.9
Harvey Mudd College,CA,West Coast,N/A,"Claremont, California",Need & Merit,"$84,896",909,83,9%,"$41,548",29%,16,LAC,13%,1480-1560,34-36,N/A
Haverford College,PA,Mid-Atlantic,Suburban,"Haverford, Pennsylvania",Need-Based,"$84,748","1,417",152,11%,"$79,770",30%,21,LAC,14%,1430-1540,33-35,N/A
Hillsdale College,MI,Great Lakes,Rural,"Hillsdale, Michigan",,"$46,602",,,,,,39,LAC,21%,1360-1520,30-34,3.9
Hobart and William Smith Colleges,NY,Mid-Atlantic,City,"Geneva, New York",Need & Merit,"$80,635","1,629",117,7%,"$37,820",86%,70,LAC,68%,1210-1400,27-32,3.6
Hofstra University,NY,Mid-Atlantic,Suburban,"Hempstead, New York",Merit,"$73,548","5,730",244,4%,"$28,706",67%,185,NU,69%,1190-1370,26-31,3.8
Hollins University,VA,Southeast,N/A,"Roanoke, Virginia",,"$59,250",686,56,8%,"$39,196",98%,124,LAC,72%,1113-1298,N/A,3.7
Hood College,MD,Mid-Atlantic,Suburban,"Frederick, Maryland",Need & Merit,"$62,870","1,147",20,2%,"$41,229",110%,60,R/O,78%,N/A,N/A,3.5
Hope College,MI,Great Lakes,City,"Holland, Michigan",,"$53,210",,,,,,100,LAC,80%,1090-1330,24-31,3.8
Howard University,DC,Mid-Atlantic,Urban,"Washington, District of Columbia",,"$51,450",,,,,,115,NU,53%,1050-1290,20-26,3.7
Illinois Institute of Technology,IL,Great Lakes,Urban,"Chicago, Illinois",,"$71,910","2,703",439,16%,"$26,477",95%,98,NU,61%,1220-1410,28-32,N/A
Illinois Wesleyan University,IL,Great Lakes,City,"Bloomington, Illinois",Merit,"$68,732","1,535",65,4%,"$39,305",97%,1,R/O,42%,1120-1330,25-30,3.8
Indiana University - Bloomington,IN,Great Lakes,City,"Bloomington, Indiana",Need & Merit,"$55,130","33,079",1806,5%,"$11,675",32%,73,NU,82%,1180-1400,27-32,3.8
Indiana U. - Purdue U. - Indianapolis,IN,Great Lakes,Urban,"Indianapolis, Indiana",Need & Merit,"$47,218","15,869",460,3%,"$12,114",43%,201,NU,83%,1050-1250,21-27,3.5
Iowa State University,IA,Plains,N/A,"Ames, Iowa",Merit,"$39,956","24,461",787,3%,"$11,572",44%,115,NU,90%,1090-1350,21-28,3.7
Ithaca College,NY,Mid-Atlantic,Suburban,"Ithaca, New York",Need & Merit,"$66,235","4,519",126,3%,"$38,307",96%,13,R/O,75%,1203-1380,28-32,N/A
James Madison University,VA,Southeast,Rural,"Harrisonburg, Virginia",Need & Merit,"$47,568","18,341",175,1%,"$21,741",51%,124,NU,78%,1140-1320,23-29,N/A
John Brown University,AR,Southeast,City,"Siloam Springs, Arkansas",,"$43,260",,,,,,13,R/O,58%,1100-1360,21-28,3.8
Johns Hopkins University,MD,Mid-Atlantic,Urban,"Baltimore, Maryland",Need & Merit,"$80,800","5,633",835,15%,"$36,276",21%,9,NU,7%,1520-1570,34-35,3.9
Juniata College,PA,Mid-Atlantic,Rural,"Huntingdon, Pennsylvania",Need & Merit,"$68,635","1,177",94,8%,"$34,776",131%,82,LAC,76%,1120-1330,26-30,3.6
Kansas State University,KS,Plains,City,"Manhattan, Kansas",,"$42,057",,,,,,170,NU,95%,N/A,20-27,3.8
Kenyon College,OH,Great Lakes,N/A,"Gambier, Ohio",Need-Based,"$83,800","1,887",220,12%,"$64,925",66%,39,LAC,34%,1370-1520,31-34,3.9
Keuka College,NY,Mid-Atlantic,N/A,"Keuka Park, New York",Need & Merit,"$54,052",914,3,<1%,"$16,965",67%,137,R/O,93%,940-1132,N/A,3
Knox College,IL,Great Lakes,City,"Galesburg, Illinois",Need & Merit,"$66,007","1,049",190,18%,"$42,279",76%,75,LAC,73%,1163-1396,27-32,N/A
Lafayette College,PA,Mid-Atlantic,Suburban,"Easton, Pennsylvania",Need & Merit,"$78,854","2,712",210,8%,"$64,068",53%,30,LAC,34%,1330-1480,30-33,3.6
Lake Forest College,IL,Great Lakes,Suburban,"Lake Forest, Illinois",Need & Merit,"$68,800","1,685",265,16%,"$56,107",111%,73,LAC,60%,1155-1340,26-31,3.8
Lawrence Technological University,MI,Great Lakes,Suburban,"Southfield, Michigan",Merit,"$57,409","1,701",247,15%,"$10,883",39%,53,R/O,82%,1030-1270,22-30,3.5
Lawrence University,WI,Great Lakes,City,"Appleton, Wisconsin",Need & Merit,"$67,824","1,394",169,12%,"$37,853",100%,41,R/O,72%,1210-1460,27-32,3.7
Lehigh University,PA,Mid-Atlantic,City,"Bethlehem, Pennsylvania",Need & Merit,"$77,885","5,550",446,8%,"$56,985",31%,47,NU,37%,1340-1490,30-33,N/A
Lewis & Clark College,OR,West Coast,City,"Portland, Oregon",Need & Merit,"$77,170","2,169",95,4%,"$48,377",99%,93,LAC,69%,1260-1400,29-32,3.7
Lindenwood University,MO,Plains,City,"St. Charles, Missouri",,"$33,900",,,,,,121,R/O,74%,890-1190,19-25,3.4
Linfield College,OR,West Coast,Rural,"McMinnville, Oregon",,"$64,815","1,574",10,1%,"$27,574",100%,107,LAC,90%,N/A,N/A,3.6
Louisiana State University,LA,Southeast,Urban,"Baton Rouge, Louisiana",Merit,"$51,555","25,210",409,2%,"$13,249",20%,185,NU,76%,1140-1320,23-28,3.8
Loyola Marymount University,CA,West Coast,Suburban,"Los Angeles, California",Merit,"$76,227","6,859",730,11%,"$5,216",47%,93,NU,41%,1300-1460,29-32,3.9
Loyola University Chicago,IL,Great Lakes,Urban,"Chicago, Illinois",Merit,"$67,818","11,145",32,<1%,"$22,233",856%,142,NU,79%,1190-1370,27-32,3.8
Loyola University Maryland,MD,Mid-Atlantic,Urban,"Baltimore, Maryland",Merit,"$72,600","3,729",64,2%,"$36,727",58%,7,R/O,83%,1180-1360,26-33,3.7
Loyola University New Orleans,LA,Southeast,Urban,"New Orleans, Louisiana",,"$64,245","3,056",110,4%,"$25,957",101%,260,NU,78%,N/A,N/A,3.6
Lycoming College,PA,Mid-Atlantic,City,"Williamsport, Pennsylvania",Need-Based,"$62,956","1,050",34,3%,"$34,348",85%,107,LAC,75%,1053-1238,20-25,3.6
Lynn University,FL,Southeast,N/A,"Boca Raton, Florida",Merit,"$61,398","2,617",382,15%,"$21,328",96%,49,R/O,80%,1033-1185,21-25,3.4
Macalester College,MN,Plains,Urban,"St. Paul, Minnesota",Need & Merit,"$78,900","2,136",276,13%,"$57,369",72%,26,R/O,28%,1370-1520,31-34,N/A
Malone University,OH,Great Lakes,N/A,"Canton, Ohio",Merit,"$49,975","2,529",18,1%,"$21,503",89%,101,R/O,78%,993-1178,18-24,N/A
Marist College,NY,Mid-Atlantic,N/A,"Poughkeepsie, New York",Need & Merit,"$64,835","4,847",95,2%,"$24,009",107%,10,R/O,63%,1209-1360,25-30,3.6
Marquette University,WI,Great Lakes,Urban,"Milwaukee, Wisconsin",Merit,"$64,562","7,162",116,2%,"$26,497",88%,86,NU,87%,1170-1360,26-31,3.6
Massachusetts Institute of Technology,MA,New England,Urban,"Cambridge, Massachusetts",Need-Based,"$79,850","4,638",511,11%,"$68,635",79%,2,NU,4%,1520-1580,35-36,N/A
McDaniel College,MD,Mid-Atlantic,Suburban,"Westminster, Maryland",,"$62,684","1,734",40,2%,"$27,750",5%,80,R/O,82%,1020-1260,23-29,3.7
Mercer University,GA,Southeast,City,"Macon, Georgia",Merit,"$57,752","3,231",90,3%,"$33,258",46%,170,NU,75%,1190-1360,26-31,3.9
Meredith College,NC,Southeast,City,"Raleigh, North Carolina",Need-Based,"$57,774","1,251",19,2%,"$3,713",289%,130,LAC,73%,1140-1320,22-28,3.5
Miami University (Ohio),OH,Great Lakes,N/A,"Oxford, Ohio",,"$58,247",,,,,,133,NU,88%,1160-1370,24-29,3.9
Michigan State University,MI,Great Lakes,Suburban,"East Lansing, Michigan",Merit,"$57,576","35,982",2232,6%,"$28,720",51%,60,NU,88%,1100-1340,24-30,3.8
Michigan Technological University,MI,Great Lakes,Rural,"Houghton, Michigan",Need & Merit,"$55,238","5,413",45,1%,"$23,860",89%,151,NU,86%,1130-1350,24-30,3.8
Middlebury College,VT,New England,N/A,"Middlebury, Vermont",Need-Based,"$82,260","2,748",313,11%,"$70,062",57%,11,LAC,13%,1410-1540,33-35,N/A
Milwaukee School of Engineering,WI,Great Lakes,N/A,"Milwaukee, Wisconsin",Merit,"$61,938","2,495",101,4%,"$16,981",60%,2,R/O,63%,1170-1390,25-31,3.7
Mississippi State University,MS,Southeast,Rural,"Mississippi State, Mississippi",Merit,"$43,153","16,794",206,1%,"$2,571",137%,216,NU,70%,1070-1280,21-29,3.6
Missouri U. of Science and Technology,MO,Plains,N/A,"Rolla, Missouri",Merit,"$44,361","4,880",104,2%,"$16,934",77%,185,NU,81%,1173-1370,25-31,3.8
Montana State University,MT,Rocky Mts,N/A,"Bozeman, Montana",Need & Merit,"$46,404","12,293",151,1%,"$6,159",53%,303,NU,73%,1070-1300,20-27,N/A
Moravian University,PA,Mid-Atlantic,City,"Bethlehem, Pennsylvania",Need & Merit,"$68,834","1,783",11,1%,"$39,462",45%,39,R/O,67%,1060-1253,21-26,3.6
Mount Holyoke College,MA,New England,Suburban,"South Hadley, Massachusetts",Need & Merit,"$77,678","2,167",505,23%,"$45,753",48%,34,LAC,40%,1350-1540,30-34,3.9
Muhlenberg College,PA,Mid-Atlantic,City,"Allentown, Pennsylvania",,"$74,895","2,940",27,1%,"$28,904",115%,70,LAC,66%,1200-1400,29-33,3.5
Muskingum University,OH,Great Lakes,N/A,"New Concord, Ohio",,"$46,008",,,,,,46,R/O,86%,950-1120,17-22,3.3
Nazareth College,NY,Mid-Atlantic,Suburban,"Rochester, New York",Need-Based,"$57,500","1,925",25,1%,"$18,768",108%,54,R/O,84%,1140-1320,24-28,3.5
New College of Florida,FL,Southeast,Suburban,"Sarasota, Florida",Merit,"$44,705",669,24,4%,"$28,514",92%,100,LAC,75%,1103-1360,24-31,3.9
New Jersey Institute of Technology,NJ,Mid-Atlantic,Urban,"Newark, New Jersey",,"$56,622",,,,,,86,NU,66%,1190-1450,27-33,3.8
New Mexico Tech,NM,Southwest,Rural,"Socorro, New Mexico",Merit,"$40,322","1,094",14,1%,"$1,088",29%,34,R/O,74%,1110-1320,21-28,3.7
New York University,NY,Mid-Atlantic,Urban,"New York, New York",Need-Based,"$82,095","28,206",5892,21%,"$29,387",9%,35,NU,12%,1470-1570,33-35,3.8
North Carolina State University - Raleigh,NC,Southeast,City,"Raleigh, North Carolina",Merit,"$47,493","23,517",670,3%,"$19,029",24%,60,NU,47%,1245-1440,24-31,3.8
Northeastern University,MA,New England,Urban,"Boston, Massachusetts",Merit,"$81,422","20,850",2859,14%,"$19,484",16%,53,NU,7%,1440-1550,33-35,N/A
Northern Arizona University,AZ,Southwest,City,"Flagstaff, Arizona",Merit,"$44,464","19,918",444,2%,"$7,908",18%,249,NU,80%,1050-1270,19-25,3.7
Northern Illinois University,IL,Great Lakes,Suburban,"DeKalb, Illinois",Need & Merit,,"10,510",152,1%,"$14,784",57%,269,NU,71%,N/A,N/A,3.4
Northern Michigan University,MI,Great Lakes,Rural,"Marquette, Michigan",Merit,"$32,928","5,756",61,1%,"$3,779",64%,60,R/O,71%,N/A,N/A,3.4
Northwestern University,IL,Great Lakes,N/A,"Evanston, Illinois",Need-Based,"$89,394","8,528",907,11%,"$64,542",30%,9,NU,7%,1490-1570,33-35,N/A
Nova Southeastern University,FL,Southeast,Suburban,"Ft. Lauderdale, Florida",Merit,"$56,870","6,218",366,6%,"$16,014",81%,227,NU,76%,1040-1310,20-27,3.9
Oberlin College and Conservatory,OH,Great Lakes,N/A,"Oberlin, Ohio",,"$84,230",,,,,,51,LAC,35%,1360-1530,30-33,3.7
Occidental College,CA,West Coast,Urban,"Los Angeles, California",,"$80,636",,89,,,,35,LAC,39%,1360-1510,31-34,3.7
Oglethorpe University,GA,Southeast,N/A,"Atlanta, Georgia",,"$62,340",,,,,,163,LAC,72%,1065-1305,22-29,N/A
Ohio Northern University,OH,Great Lakes,N/A,"Ada, Ohio",,"$53,163",,,,,,2,R/O,54%,1075-1310,21-28,3.8
Ohio State University - Columbus,OH,Great Lakes,N/A,"Columbus, Ohio",Merit,"$54,422","42,186",3141,7%,"$1,625",<1%,43,NU,53%,1310-1480,29-32,N/A
Ohio University,OH,Great Lakes,N/A,"Athens, Ohio",Merit,"$39,582","14,600",204,1%,"$5,936",63%,178,NU,87%,1080-1270,22-27,3.8
Ohio Wesleyan University,OH,Great Lakes,Suburban,"Delaware, Ohio",Need & Merit,"$66,607","1,392",93,7%,"$39,209",91%,116,LAC,52%,1123-1358,23-30,3.7
Oklahoma State University,OK,Southwest,N/A,"Stillwater, Oklahoma",Need & Merit,"$41,724","17,676",408,2%,"$8,333",48%,185,NU,71%,1010-1250,20-27,3.6
Old Dominion University,VA,Southeast,City,"Norfolk, Virginia",Need & Merit,"$48,950","13,695",186,1%,"$15,000",11%,280,NU,95%,1090-1250,22-27,3.4
Olin College of Engineering,MA,New England,Suburban,"Needham, Massachusetts",Need & Merit,"$81,486",356,26,7%,"$31,878",100%,Unranked,R/O,19%,N/A,N/A,3.9
Pace University,NY,Mid-Atlantic,N/A,"New York, New York",Merit,"$73,252","7,450",505,7%,"$19,915",72%,249,NU,83%,1120-1300,24-29,3.4
"Parsons, The New School",NY,Mid-Atlantic,Urban,"New York, New York",Merit,"$85,097","4,326",2022,47%,"$9,461",69%,201,NU,57%,N/A,N/A,3.6
"Penn State U - Erie, Behrend College",PA,Mid-Atlantic,N/A,"Erie, Pennsylvania",No Aid,"$45,982","3,113",139,4%,$0,0%,Unranked,R/O,N/A,N/A,N/A,N/A
Penn State U - University Park,PA,Mid-Atlantic,Rural,"University Park, Pennsylvania",No Aid,"$58,263","39,353",4532,12%,$0,0%,60,NU,55%,1210-1390,26-31,3.7
Pepperdine University,CA,West Coast,N/A,"Malibu, California",Merit,"$85,202","3,247",321,10%,"$28,508",47%,76,NU,49%,1285-1480,28-32,3.8
Pitzer College,CA,West Coast,Suburban,"Claremont, California",Need & Merit,"$82,832","1,180",87,7%,"$75,157",39%,39,LAC,18%,N/A,N/A,3.9
Pomona College,CA,West Coast,N/A,"Claremont, California",Need-Based,"$81,196","1,747",205,12%,"$67,160",41%,4,LAC,7%,1480-1560,33-35,N/A
Pratt Institute,NY,Mid-Atlantic,Urban,"Brooklyn, New York",Merit,"$77,607","3,539",1178,33%,"$18,758",50%,Unranked,R/O,45%,N/A,N/A,3.8
Prescott College,AZ,Southwest,Rural,"Prescott, Arizona",Need & Merit,"$47,697",246,2,1%,"$29,150",200%,90,R/O,98%,N/A,N/A,N/A
Princeton University,NJ,Mid-Atlantic,Suburban,"Princeton, New Jersey",Need-Based,"$80,415","5,527",681,12%,"$66,712",70%,1,NU,6%,1500-1580,34-35,3.9
Providence College,RI,New England,City,"Providence, Rhode Island",Need & Merit,"$76,910","4,120",72,2%,"$64,361",110%,1,R/O,53%,1260-1420,28-32,3.6
Purdue University - West Lafayette,IN,Great Lakes,City,"West Lafayette, Indiana",,"$41,724","35,476",4243,12%,,,43,NU,53%,1200-1470,27-34,3.7
Queens University of Charlotte,NC,Southeast,Urban,"Charlotte, North Carolina",Need & Merit,"$58,096","1,234",170,14%,"$37,123",97%,16,R/O,71%,1080-1255,22-29,N/A
Quinnipiac University,CT,New England,Suburban,"Hamden, Connecticut",,"$70,540",,,,,,170,NU,84%,1120-1300,24-29,3.5
Ramapo College of New Jersey,NJ,Mid-Atlantic,Suburban,"Mahwah, New Jersey",Need & Merit,"$44,759","4,450",48,1%,"$24,398",104%,27,R/O,70%,1100-1290,21-28,3.5
Randolph College,VA,Southeast,N/A,"Lynchburg, Virginia",Merit,"$43,722",457,16,4%,"$18,134",100%,165,LAC,95%,930-1140,22-30,3.3
Randolph-Macon College,VA,Southeast,Suburban,"Ashland, Virginia",Need & Merit,"$62,370","1,442",26,2%,"$41,329",100%,107,LAC,85%,1020-1220,23-27,3.7
Reed College,OR,West Coast,N/A,"Portland, Oregon",Need-Based,"$83,310","1,488",120,8%,"$54,263",30%,67,LAC,44%,N/A,N/A,N/A
Regis University,CO,Rocky Mts,Suburban,"Denver, Colorado",Need & Merit,"$60,354","1,915",35,2%,"$18,145",71%,260,NU,78%,1010-1220,20-27,3.7
Rensselaer Polytechnic Institute,NY,Mid-Atlantic,Suburban,"Troy, New York",Merit,"$79,934","5,823",688,12%,"$37,816",12%,60,NU,65%,1360-1520,30-34,3.9
Rhode Island School of Design,RI,New England,N/A,"Providence, Rhode Island",,"$78,939",,,,,,4,R/O,19%,1310-1480,28-34,N/A
Rhodes College,TN,Southeast,City,"Memphis, Tennessee",Need & Merit,"$68,350","1,927",116,6%,"$47,797",100%,56,LAC,48%,1305-1465,28-32,3.7
Rice University,TX,Southwest,Urban,"Houston, Texas",Need & Merit,"$74,110","4,514",560,12%,"$68,402",24%,17,NU,9%,1490-1570,34-36,N/A
Roanoke College,VA,Southeast,N/A,"Salem, Virginia",,"$53,966",,,,,,130,LAC,80%,1060-1260,19-26,3.4
Robert Morris University,PA,Mid-Atlantic,N/A,"Moon Township, Pennsylvania",Merit,"$52,791","2,414",146,6%,"$32,035",43%,201,NU,94%,N/A,N/A,3.7
Rochester Institute of Technology,NY,Mid-Atlantic,N/A,"Rochester, New York",Need & Merit,"$72,296","12,798",578,5%,"$20,404",77%,98,NU,67%,1270-1450,29-33,3.7
Rollins College,FL,Southeast,N/A,"Winter Park, Florida",Need & Merit,"$75,310","2,245",204,9%,"$36,487",91%,1,R/O,50%,1120-1340,23-29,3.5
Rose-Hulman Inst. of Technology,IN,Great Lakes,N/A,"Terre Haute, Indiana",Need & Merit,"$74,226","2,128",168,8%,"$16,669",98%,Unranked,R/O,73%,N/A,N/A,3.9
Rowan University,NJ,Mid-Atlantic,Suburban,"Glassboro, New Jersey",Need & Merit,"$46,222","13,057",227,2%,"$9,247",47%,163,NU,77%,1090-1300,23-31,3.4
Sacred Heart University,CT,New England,Suburban,"Fairfield, Connecticut",,"$67,950",,,,,,209,NU,66%,1140-1280,26-29,3.7
Saint Anselm College,NH,New England,City,"Manchester, New Hampshire",Need & Merit,"$65,620","1,940",14,1%,"$46,175",100%,89,LAC,82%,1120-1290,26-30,3.4
Saint Joseph's University,PA,Mid-Atlantic,Urban,"Philadelphia, Pennsylvania",Merit,"$67,266","4,807",112,2%,"$21,965",162%,8,R/O,89%,1130-1320,26-31,N/A
Saint Louis University,MO,Plains,N/A,"St. Louis, Missouri",,"$70,676",,,,,,105,NU,85%,1210-1400,26-31,3.9
Saint Mary's College of California,CA,West Coast,Suburban,"Moraga, California",Merit,"$74,188","1,949",44,2%,"$44,050",143%,4,R/O,88%,1085-1260,26-31,3.7
Saint Michael's College,VT,New England,Suburban,"Colchester, Vermont",Need & Merit,"$67,512","1,186",50,4%,"$34,959",98%,116,LAC,85%,1160-1316,27-30,N/A
Salisbury University,MD,Mid-Atlantic,Rural,"Salisbury, Maryland",Merit,"$37,862","6,100",51,1%,"$4,422",108%,54,R/O,91%,1180-1320,22-27,3.7
Salve Regina University,RI,New England,Suburban,"Newport, Rhode Island",Need & Merit,"$67,780","2,116",47,2%,"$27,159",100%,27,R/O,70%,1130-1280,25-28,3.6
San Diego State University,CA,West Coast,Urban,"San Diego, California",Need & Merit,"$43,990","28,381",1032,4%,"$27,438",5%,105,NU,39%,N/A,N/A,3.9
San Jose State University,CA,West Coast,Urban,"San Jose, California",Need & Merit,"$42,730","21,563",1530,7%,"$10,041",28%,3,R/O,75%,1070-1370,21-29,3.6
Santa Clara University,CA,West Coast,City,"Santa Clara, California",Merit,"$78,849","5,989",371,6%,"$46,325",14%,60,NU,52%,1290-1480,29-33,3.7
Sarah Lawrence College,NY,Mid-Atlantic,Suburban,"Bronxville, New York",,"$79,414",,,,,,100,LAC,50%,1260-1450,29-33,3.8
Scripps College,CA,West Coast,Suburban,"Claremont, California",Need & Merit,"$83,300","1,087",37,3%,"$39,652",38%,35,LAC,28%,1390-1510,32-34,N/A
Seattle University,WA,West Coast,Urban,"Seattle, Washington",,"$69,798","3,932",370,9%,,,163,NU,85%,1190-1390,24-30,3.6
Seton Hill University,PA,Mid-Atlantic,N/A,"Greensburg, Pennsylvania",,"$57,274",,,,,,39,R/O,78%,1040-1240,21-28,N/A
Sewanee - University of the South,TN,Southeast,Rural,"Sewanee, Tennessee",Need & Merit,"$68,704","1,590",74,5%,"$52,743",99%,51,LAC,52%,1233-1380,27-32,N/A
Siena College,NY,Mid-Atlantic,Suburban,"Loudonville, New York",Need & Merit,"$62,329","3,351",104,3%,,,13,R/O,71%,1045-1270,22-31,3.5
Skidmore College,NY,Mid-Atlantic,N/A,"Saratoga Springs, New York",Need & Merit,"$81,890","2,720",250,9%,"$71,428",42%,38,LAC,26%,1300-1460,30-33,N/A
Slippery Rock University,PA,Mid-Atlantic,Rural,"Slippery Rock, Pennsylvania",Need & Merit,"$29,393","6,310",143,2%,"$8,221",24%,50,R/O,74%,960-1160,18-26,3.5
Smith College,MA,New England,Suburban,"Northampton, Massachusetts",Need & Merit,"$82,134","2,518",355,14%,"$74,943",42%,16,LAC,23%,1370-1520,31-34,N/A
Soka University of America,CA,West Coast,Suburban,"Aliso Viejo, California",,"$52,758",,,,,,56,LAC,57%,1240-1440,26-27,3.7
Southeastern Louisiana University,LA,Southeast,Rural,"Hammond, Louisiana",Merit,"$37,051","8,324",119,1%,"$18,698",76%,84,R/O,N/A,N/A,21-25,3.5
Southern Methodist University,TX,Southwest,Urban,"Dallas, Texas",Merit,"$83,130","6,880",292,4%,"$41,926",67%,89,NU,52%,1370-1510,31-34,3.7
Southwestern University,TX,Southwest,Suburban,"Georgetown, Texas",Merit,"$63,950","1,465",25,2%,"$28,381",100%,89,LAC,45%,1120-1360,24-30,3.5
Spelman College,GA,Southeast,Urban,"Atlanta, Georgia",Need & Merit,"$49,566","2,374",11,<1%,"$32,624",118%,39,LAC,28%,1090-1300,22-27,3.9
Springfield College,MA,New England,City,"Springfield, Massachusetts",Merit,"$58,964","1,983",74,4%,"$34,536",,216,NU,76%,1100-1300,26-31,3.6
St. Cloud State University,MN,Plains,N/A,"St. Cloud, Minnesota",,"$33,951",,,,,,76,R/O,95%,1028-1200,18-24,3.3
St. John Fisher University,NY,Mid-Atlantic,N/A,"Rochester, New York",,"$53,914",,,,,,185,NU,73%,1090-1260,23-29,3.5
St. John's College - Annapolis,MD,Mid-Atlantic,City,"Annapolis, Maryland",Need & Merit,"$52,960",460,64,14%,"$25,672",95%,75,LAC,50%,1250-1460,30-33,3.8
St. John's College - Santa Fe,AZ,Southwest,City,"Santa Fe, New Mexico",Need & Merit,"$52,960",367,46,13%,"$28,569",98%,93,LAC,54%,1290-1470,30-32,3.7
St. John's University - New York,NY,Mid-Atlantic,Urban,"Queens, New York",,"$70,178",,,,,,163,NU,85%,1110-1310,24-29,N/A
St. Lawrence University,NY,Mid-Atlantic,Rural,"Canton, New York",Need & Merit,"$79,665","2,130",211,10%,"$48,286",98%,59,LAC,63%,1240-1410,29-32,3.7
St. Mary's College of Maryland,MD,Mid-Atlantic,Rural,"St. Marys City, Maryland",Merit,"$47,871","1,473",4,<1%,"$15,099",250%,82,LAC,77%,1130-1370,28-30,3.5
St. Mary's University (TX),TX,Southwest,N/A,"San Antonio, Texas",Need & Merit,"$51,174","1,932",178,9%,"$32,569",25%,14,R/O,86%,N/A,N/A,3.6
St. Norbert College,WI,Great Lakes,Suburban,"De Pere, Wisconsin",,"$57,584",,,,,,93,LAC,84%,1010-1270,21-27,3.6
St. Olaf College,MN,Plains,N/A,"Northfield, Minnesota",Need & Merit,"$69,000","3,012",324,11%,"$56,918",99%,51,LAC,56%,1300-1480,28-33,3.7
Stanford University,CA,West Coast,Suburban,"Stanford, California",Need & Merit,"$82,162","7,822",888,11%,"$72,156",28%,3,NU,4%,1500-1580,33-35,3.9
Stetson University,FL,Southeast,Suburban,"DeLand, Florida",Need & Merit,"$71,810","2,470",167,7%,"$52,935",85%,4,R/O,94%,1110-1305,25-29,3.8
Stevens Institute of Technology,NJ,Mid-Atlantic,City,"Hoboken, New Jersey",Merit,"$77,954","4,025",106,3%,"$16,327",74%,76,NU,46%,1380-1510,31-34,3.9
Suffolk University,MA,New England,Urban,"Boston, Massachusetts",,"$65,464",,,,,,249,NU,87%,1100-1300,25-30,3.4
SUNY Binghamton,NY,Mid-Atlantic,N/A,"Binghamton, New York",Need & Merit,"$47,709","14,080",573,4%,"$4,726",27%,73,NU,42%,1340-1510,29-34,3.9
SUNY Buffalo,NY,Mid-Atlantic,Suburban,"Buffalo, New York",Need-Based,"$37,608","19,750",2607,13%,"$6,381",23%,76,NU,68%,1190-1380,25-32,3.8
SUNY Geneseo,NY,Mid-Atlantic,Rural,"Geneseo, New York",Merit,"$36,542","4,290",67,2%,"$4,518",42%,12,R/O,75%,1160-1320,25-30,3.7
SUNY Purchase,NY,Mid-Atlantic,Suburban,"Purchase, New York",Need & Merit,"$38,451","2,828",39,1%,$188,41%,139,LAC,78%,1190-1350,29-31,3.4
SUNY Stony Brook,NY,Mid-Atlantic,Suburban,"Stony Brook, New York",Merit,"$48,438","16,633",1661,10%,"$5,200",15%,58,NU,49%,1320-1500,28-34,3.9
Susquehanna College,PA,Mid-Atlantic,Rural,"Selinsgrove, Pennsylvania",,"$73,010",,,,,,107,LAC,88%,1088-1280,23-30,3.7
Swarthmore College,PA,Mid-Atlantic,Suburban,"Swarthmore, Pennsylvania",Need-Based,"$80,014","1,619",227,14%,"$70,906",32%,4,LAC,7%,1440-1560,32-35,N/A
Sweet Briar College,VA,Southeast,N/A,"Sweet Briar, Virginia",,"$41,990",448,41,9%,,,180,LAC,78%,1010-1350,19-29,3.9
Syracuse University,NY,Mid-Atlantic,City,"Syracuse, New York",Merit,"$80,947","14,601",1970,13%,"$3,802",68%,67,NU,52%,1260-1430,28-32,3.8
Temple University,PA,Mid-Atlantic,Urban,"Philadelphia, Pennsylvania",Merit,"$57,283","23,689",753,3%,"$13,935",54%,89,NU,80%,1120-1370,24-31,3.4
Texas A & M University,TX,Southwest,City,"College Station, Texas",Need & Merit,"$59,153","50,109",581,1%,"$31,634",33%,47,NU,63%,1150-1390,25-31,N/A
Texas Christian University,TX,Southwest,Suburban,"Fort Worth, Texas",Need & Merit,"$73,110","10,523",508,5%,"$45,934",71%,98,NU,56%,1140-1360,26-31,3.7
Texas Tech University,TX,Southwest,Urban,"Lubbock, Texas",Need & Merit,"$40,292","29,075",547,2%,"$6,728",73%,216,NU,67%,1090-1280,23-28,3.6
The Citadel,SC,Southeast,Urban,"Charleston, South Carolina",Merit,"$55,199","2,469",27,1%,"$38,406",33%,2,R/O,99%,1090-1270,23-27,3.8
The College of New Jersey,NJ,Mid-Atlantic,Suburban,"Ewing, New Jersey",Merit,"$50,650","6,647",46,1%,"$5,476",46%,4,R/O,64%,1140-1350,24-30,N/A
The New School Coll. of Performing Arts,NY,Mid-Atlantic,Urban,"New York, New York",Merit,"$85,097",568,163,29%,"$17,739",87%,201,NU,57%,N/A,N/A,3.6
Towson University,MD,Mid-Atlantic,Suburban,"Towson, Maryland",Merit,"$44,722","14,769",244,2%,"$10,851",26%,21,R/O,79%,1010-1230,19-25,3.8
Trinity College,CT,New England,City,"Hartford, Connecticut",Need & Merit,"$83,090","2,112",295,14%,"$63,821",72%,39,LAC,36%,1300-1470,30-32,N/A
Trinity University,TX,Southwest,Urban,"San Antonio, Texas",Need & Merit,"$65,798","2,462",119,5%,"$29,631",97%,59,LAC,31%,1310-1470,29-33,3.8
Tufts University,MA,New England,N/A,"Medford, Massachusetts",,"$84,600","6,695",844,13%,"$70,111",26%,40,NU,10%,1450-1550,33-35,N/A
Tulane University,LA,Southeast,Urban,"New Orleans, Louisiana",Need & Merit,"$83,890","7,933",407,5%,"$41,454",29%,73,NU,11%,1370-1510,31-33,3.7
Tuskegee University,AL,Southeast,N/A,"Tuskegee, Alabama",,"$41,924",,,,,,8,R/O,30%,960-1220,18-24,3.3
Union College,NY,Mid-Atlantic,City,"Schenectady, New York",Need & Merit,"$81,720","2,077",210,10%,"$49,197",82%,45,LAC,47%,1310-1490,29-33,3.7
University of Alabama,AL,Southeast,Suburban,"Tuscaloosa, Alabama",Merit,"$52,384","28,074",287,1%,"$34,465",48%,170,NU,80%,1130-1410,23-31,3.8
University of Arizona,AZ,Southwest,City,"Tucson, Arizona",Need & Merit,"$57,927","29,545",1861,6%,"$17,797",43%,115,NU,87%,1140-1370,21-29,3.5
University of Arkansas,AR,Southeast,City,"Fayetteville, Arkansas",Merit,"$46,054","23,446",363,2%,"$15,490",33%,178,NU,79%,1030-1220,21-29,3.8
University of California - Berkeley,CA,West Coast,City,"Berkeley, California",No Aid,"$73,115","30,820",4161,14%,,,15,NU,11%,N/A,N/A,3.9
University of California - Irvine,CA,West Coast,Suburban,"Irvine, California",Need-Based,"$67,361","27,911",3747,13%,"$20,432",2%,33,NU,21%,N/A,N/A,N/A
University of California - Los Angeles,CA,West Coast,Urban,"Los Angeles, California",,"$67,052","31,758",2961,9%,"$27,591",5%,15,NU,9%,N/A,N/A,3.9
University of California - Merced,CA,West Coast,Suburban,"Merced, California",Merit,"$68,979","8,202",413,5%,"$5,250",1%,60,NU,89%,N/A,N/A,3.6
University of California - Riverside,CA,West Coast,City,"Riverside, California",Merit,"$67,298","21,955",877,4%,"$8,641",33%,76,NU,69%,N/A,N/A,3.9
University of California - San Diego,CA,West Coast,Urban,"La Jolla, California",Need & Merit,"$67,112","32,129",4627,14%,"$17,843",1%,28,NU,24%,N/A,N/A,3.9
University of California - Santa Barbara,CA,West Coast,Suburban,"Santa Barbara, California",,"$67,974","22,793",2704,12%,"$12,885",5%,35,NU,26%,N/A,N/A,3.9
University of California - Santa Cruz,CA,West Coast,N/A,"Santa Cruz, California",Need-Based,"$68,784","16,728",794,5%,"$6,256",29%,82,NU,47%,N/A,N/A,3.9
University of Central Florida,FL,Southeast,Urban,"Orlando, Florida",Merit,"$40,135","41,725",1795,4%,"$1,205",16%,124,NU,41%,1200-1360,25-29,3.9
University of Chicago,IL,Great Lakes,Urban,"Chicago, Illinois",,"$86,856",,,,,,12,NU,5%,1500-1580,34-35,N/A
University of Cincinnati,OH,Great Lakes,Urban,"Cincinnati, Ohio",,"$45,530","24,120",1379,6%,"$13,211",55%,142,NU,86%,1160-1360,24-29,3.7
University of Colorado - Boulder,CO,Rocky Mts,City,"Boulder, Colorado",Merit,"$67,716","28,603",856,3%,"$17,356",16%,105,NU,79%,1160-1390,26-31,3.7
University of Colorado - Colorado Springs,CO,Rocky Mts,City,"Colorado Springs, Colorado",,"$39,901",,,,,,395-435,NU,95%,N/A,N/A,N/A
University of Colorado - Denver,CO,Rocky Mts,N/A,"Denver, Colorado",,"$48,844","8,355",982,12%,"$8,067",8%,114,R/O,75%,1030-1260,21-27,3.5
University of Connecticut,CT,New England,Rural,"Storrs, Connecticut",Need & Merit,"$59,706","18,319",1518,8%,"$18,560",23%,58,NU,55%,1220-1440,28-33,N/A
University of Dallas,TX,Southwest,N/A,"Irving, Texas",Need & Merit,"$66,430","1,465",24,2%,,,18,R/O,59%,1170-1400,23-31,3.9
University of Dayton,OH,Great Lakes,City,"Dayton, Ohio",,"$64,310","8,124",247,3%,"$35,660",33%,133,NU,74%,1150-1360,23-30,3.8
University of Delaware,DE,Mid-Atlantic,Suburban,"Newark, Delaware",Merit,"$54,964","17,288",695,4%,,,76,NU,72%,1190-1360,26-31,3.9
University of Denver,CO,Rocky Mts,Urban,"Denver, Colorado",Merit,"$76,059","5,630",195,3%,"$40,779",91%,124,NU,78%,1220-1400,28-32,3.8
University of Detroit Mercy,MI,Great Lakes,Urban,"Detroit, Michigan",Merit,"$45,618","2,140",184,9%,"$14,201",63%,185,NU,91%,960-1208,21-26,3.6
University of Georgia,GA,Southeast,City,"Athens, Georgia",No Aid,"$46,582","28,874",315,1%,,,47,NU,43%,1220-1420,27-32,N/A
University of Hawaii - Manoa,HI,West Coast,Urban,"Honolulu, Hawaii",Need & Merit,"$52,363","11,775",459,4%,"$20,516",78%,170,NU,73%,1070-1290,18-24,3.7
University of Houston,TX,Southwest,Urban,"Houston, Texas",Need & Merit,"$37,993","27,090",1758,6%,"$3,352",27%,133,NU,66%,1160-1330,23-29,3.5
University of Illinois - Chicago,IL,Great Lakes,Urban,"Chicago, Illinois",Merit,"$50,480","19,793",1496,8%,"$4,094",9%,82,NU,79%,1110-1340,24-30,3.5
University of Illinois - Urbana Champaign,IL,Great Lakes,City,"Champaign, Illinois",Merit,"$50,106","33,113",4749,14%,"$5,730",1%,35,NU,45%,1340-1530,29-34,N/A
University of Iowa,IA,Plains,City,"Iowa City, Iowa",,"$48,846","19,696",399,2%,"$13,196",58%,93,NU,86%,1130-1340,22-28,3.8
University of Kansas,KS,Plains,City,"Lawrence, Kansas",Need & Merit,"$42,641","16,535",720,4%,"$1,126",43%,151,NU,88%,1090-1340,21-28,3.7
University of Kentucky,KY,Southeast,City,"Lexington, Kentucky",Need & Merit,"$52,482","19,782",349,2%,"$17,936",80%,159,NU,95%,1070-1290,21-28,3.6
University of Louisville,KY,Southeast,N/A,"Louisville, Kentucky",No Aid,"$48,026","11,266",184,2%,$0,0%,195,NU,80%,1070-1270,19-27,3.6
University of Lynchburg,VA,Southeast,City,"Lynchburg, Virginia",Merit,"$50,610","1,507",29,2%,"$24,278",90%,345,NU,96%,1000-1230,21-28,N/A
University of Maine - Orono,ME,New England,Rural,"Orono, Maine",Need & Merit,"$49,056","7,348",190,3%,"$24,056",82%,249,NU,94%,1060-1280,22-30,3.4
University of Mary Washington,VA,Southeast,Suburban,"Fredericksburg, Virginia",Merit,"$48,004","3,100",68,2%,"$6,319",44%,154,LAC,86%,1170-1340,25-30,3.6
University of Maryland - Baltimore County,MD,Mid-Atlantic,N/A,"Baltimore, Maryland",Merit,"$47,559","9,119",492,5%,"$12,467",41%,133,NU,81%,1210-1400,23-29,3.9
University of Maryland - College Park,MD,Mid-Atlantic,Suburban,"College Park, Maryland",No Aid,"$57,873","28,344",962,3%,,,46,NU,44%,1360-1520,30-34,N/A
University of Massachusetts - Amherst,MA,New England,Suburban,"Amherst, Massachusetts",Merit,"$54,694","22,466",1735,8%,"$12,076",77%,67,NU,64%,1260-1480,29-33,N/A
University of Massachusetts - Boston,MA,New England,N/A,"Boston, Massachusetts",No Aid,"$55,723","9,889",735,7%,,,216,NU,81%,1080-1300,24-29,3.4
University of Massachusetts - Dartmouth,MA,New England,Suburban,"North Dartmouth, Massachusetts",Merit,"$50,657","4,896",65,1%,"$8,852",58%,209,NU,96%,1020-1260,22-31,3.3
University of Massachusetts - Lowell,MA,New England,City,"Lowell, Massachusetts",Merit,"$51,100","10,099",324,3%,"$8,538",44%,159,NU,86%,1170-1360,25-31,3.7
University of Memphis,TN,Southeast,N/A,"Memphis, Tennessee",,"$32,360","11,091",190,2%,"$14,512",98%,269,NU,95%,930-1230,17-24,3.4
University of Miami,FL,Southeast,Suburban,"Coral Gables, Florida",Need & Merit,"$79,020","11,840",1099,9%,"$41,972",31%,67,NU,19%,1310-1480,30-33,3.8
University of Michigan - Ann Arbor,MI,Great Lakes,City,"Ann Arbor, Michigan",No Aid,"$72,154","30,654",2715,9%,,,21,NU,18%,1350-1530,31-34,3.9
University of Michigan - Dearborn,MI,Great Lakes,Suburban,"Dearborn, Michigan",Merit,"$43,320","4,754",178,4%,"$12,186",72%,17,R/O,54%,1010-1290,22-28,3.7
University of Minnesota - Duluth,MN,Plains,N/A,"Duluth, Minnesota",Merit,"$32,598","7,596",84,1%,"$12,024",39%,21,R/O,81%,1120-1350,22-28,3.5
University of Minnesota - Twin Cities,MN,Plains,Urban,"Minneapolis, Minnesota",,"$50,339","28,458",1801,6%,"$4,372",11%,53,NU,75%,1290-1500,27-32,N/A
University of Mississippi,MS,Southeast,Rural,"University, Mississippi",Merit,"$45,130","14,536",173,1%,"$24,294",78%,163,NU,97%,1030-1220,22-29,3.6
University of Missouri - Columbia,MO,Plains,City,"Columbia, Missouri",Need & Merit,"$49,210","21,953",233,1%,,,124,NU,79%,1140-1340,23-30,N/A
University of Nebraska - Lincoln,NE,Plains,Urban,"Lincoln, Nebraska",Need & Merit,"$44,194","18,435",706,4%,"$7,151",13%,159,NU,79%,1110-1340,22-28,3.6
University of Nevada - Las Vegas,NV,West Coast,Urban,"Las Vegas, Nevada",,"$42,291","19,537",428,2%,"$11,217",42%,269,NU,85%,1000-1220,18-24,3.4
University of Nevada - Reno,NV,West Coast,N/A,"Reno, Nevada",,"$45,389",,,,,,195,NU,86%,1060-1300,19-26,3.4
University of New Hampshire,NH,New England,Suburban,"Durham, New Hampshire",Need & Merit,"$54,260","11,200",138,1%,"$33,912",55%,115,NU,87%,1120-1320,26-31,3.6
University of New Haven,CT,New England,Suburban,"West Haven, Connecticut",Merit,"$66,382","4,484",112,2%,"$22,033",100%,87,R/O,91%,1090-1270,N/A,3.4
University of New Mexico,NM,Southwest,Urban,"Albuquerque, New Mexico",,"$43,023","11,379",229,2%,,,236,NU,96%,N/A,18-25,3.4
University of North Carolina - Asheville,NC,Southeast,City,"Asheville, North Carolina",Need & Merit,"$38,948","2,775",34,1%,"$18,219",59%,139,LAC,74%,1140-1330,21-28,3.5
University of North Carolina - Chapel Hill,NC,Southeast,N/A,"Chapel Hill, North Carolina",,"$53,810",,,,,,22,NU,17%,1350-1530,30-34,N/A
University of North Carolina - Charlotte,NC,Southeast,Urban,"Charlotte, North Carolina",,"$37,784","20,555",484,2%,,,178,NU,80%,1070-1290,20-26,3.6
University of North Carolina - Wilmington,NC,Southeast,City,"Wilmington, North Carolina",Merit,"$41,086","11,672",161,1%,"$1,868",32%,201,NU,69%,1220-1370,24-29,3.9
University of North Carolina Sch. of the Arts,NC,Southeast,N/A,"Winston-Salem, North Carolina",Merit,"$43,519",894,25,3%,"$5,000",4%,Unranked,R/O,30%,N/A,N/A,N/A
University of North Dakota,ND,Plains,City,"Grand Forks, North Dakota",,"$29,986","6,971",371,5%,"$11,532",28%,236,NU,83%,1090-1280,20-26,3.6
University of North Florida,FL,Southeast,N/A,"Jacksonville, Florida",Merit,"$36,900","10,749",247,2%,"$2,651",44%,236,NU,71%,1010-1220,18-25,3.6
University of North Texas,TX,Southwest,City,"Denton, Texas",,"$36,090","26,005",1442,6%,"$4,664",26%,260,NU,79%,1000-1240,19-27,N/A
University of Northern Iowa,IA,Plains,N/A,"Cedar Falls, Iowa",Merit,"$33,142","7,272",67,1%,"$4,533",85%,11,R/O,95%,1020-1330,20-26,3.6
University of Notre Dame,IN,Great Lakes,Suburban,"Notre Dame, Indiana",Need & Merit,"$80,211","8,899",556,6%,"$62,340",47%,20,NU,13%,1420-1550,32-35,N/A
University of Oklahoma,OK,Southwest,N/A,"Norman, Oklahoma",Merit,"$49,241","18,185",594,3%,"$4,842",2%,124,NU,73%,1130-1330,23-29,3.7
University of Oregon,OR,West Coast,City,"Eugene, Oregon",Need & Merit,"$60,285","17,164",459,3%,"$17,066",10%,98,NU,86%,1140-1370,24-30,3.8
University of the Pacific,CA,West Coast,City,"Stockton, California",Merit,"$72,305","3,174",264,8%,,,142,NU,93%,1120-1423,25-33,3.6
University of Pennsylvania,PA,Mid-Atlantic,Urban,"Philadelphia, Pennsylvania",Need-Based,"$85,738","9,631",1308,14%,"$65,815",29%,6,NU,7%,1500-1570,34-35,3.9
University of Pittsburgh,PA,Mid-Atlantic,City,"Pittsburgh, Pennsylvania",Need & Merit,"$53,268","19,188",921,5%,,,67,NU,49%,1280-1470,29-33,3.9
University of Portland,OR,West Coast,Urban,"Portland, Oregon",,"$72,816","3,309",108,3%,"$50,213",91%,2,R/O,93%,1220-1410,27-31,3.4
University of Puget Sound,WA,West Coast,City,"Tacoma, Washington",Merit,"$75,570","1,712",11,1%,"$24,936",100%,89,LAC,83%,1170-1390,26-32,3.5
University of Rhode Island,RI,New England,Rural,"Kingston, Rhode Island",,"$51,632","12,938",152,1%,"$18,919",96%,151,NU,76%,1050-1270,25-30,3.6
University of Richmond,VA,Southeast,Suburban,"Univ. of Richmond, Virginia",Need & Merit,"$77,330","3,258",301,9%,"$59,771",51%,25,LAC,24%,1400-1530,32-34,3.8
University of Rochester,NY,Mid-Atlantic,Urban,"Rochester, New York",Need & Merit,"$82,600","6,247",1587,25%,"$42,902",34%,47,NU,39%,1390-1540,31-34,3.8
University of San Diego,CA,West Coast,Urban,"San Diego, California",Merit,"$75,767","5,481",349,6%,"$20,548",7%,98,NU,53%,N/A,N/A,3.9
University of San Francisco,CA,West Coast,Urban,"San Francisco, California",Merit,"$77,854","5,807",613,11%,"$22,954",58%,115,NU,71%,1210-1410,27-31,3.7
University of South Carolina,SC,Southeast,N/A,"Columbia, South Carolina",Merit,"$51,179","25,960",500,2%,"$3,581",69%,124,NU,64%,1180-1380,27-32,3.6
University of South Florida - Tampa,FL,Southeast,Urban,"Tampa, Florida",Merit,"$35,566","28,808",3041,11%,"$8,210",29%,89,NU,44%,1140-1330,24-29,N/A
University of Southern California,CA,West Coast,Urban,"Los Angeles, California",Merit,"$85,064","20,110",2672,13%,"$26,309",28%,28,NU,12%,1450-1550,32-35,3.8
University of Tampa,FL,Southeast,Urban,"Tampa, Florida",,"$50,008",,,,,,16,R/O,26%,1080-1280,22-28,3.5
University of Tennesee - Knoxville,TN,Southeast,City,"Knoxville, Tennessee",Need & Merit,"$51,078","25,669",199,1%,"$8,722",27%,105,NU,68%,1170-1330,25-31,3.7
University of Texas - Austin,TX,Southwest,Urban,"Austin, Texas",Need & Merit,"$59,618","38,444",1837,5%,"$8,092",7%,32,NU,31%,N/A,29-34,N/A
University of Texas - Dallas,TX,Southwest,Suburban,"Richardson, Texas",Merit,"$56,290","17,869",850,5%,"$8,890",48%,115,NU,85%,1170-1430,24-32,N/A
University of Texas - San Antonio,TX,Southwest,Urban,"San Antonio, Texas",Need & Merit,"$36,151","22,001",386,2%,"$5,446",87%,47,R/O,87%,1010-1220,19-26,N/A
University of Toledo,OH,Great Lakes,Urban,"Toledo, Ohio",Merit,"$40,862","9,578",759,8%,"$5,441",64%,151,R/O,92%,1060-1280,21-28,3.5
University of Utah,UT,Rocky Mts,Urban,"Salt Lake City, Utah",Merit,"$47,202","21,189",1447,7%,"$12,100",18%,115,NU,89%,1190-1390,22-29,3.7
University of Vermont,VT,New England,N/A,"Burlington, Vermont",Merit,"$60,969","10,781",130,1%,"$34,305",90%,133,NU,60%,1260-1430,28-32,3.8
University of Virginia,VA,New England,N/A,"Charlottesville, Virginia",,"$73,704",,,,,,24,NU,19%,1400-1540,32-34,N/A
University of Washington - Seattle,WA,West Coast,Urban,"Seattle, Washington",No Aid,"$60,588","29,532",4299,15%,$0,0%,40,NU,48%,1300-1520,29-34,3.8
University of Wisconsin - Madison,WI,Great Lakes,N/A,"Madison, Wisconsin",No Aid,"$56,625","33,547",3517,10%,$0,0%,35,NU,49%,1350-1510,28-33,3.8
University of Wisconsin - Milwaukee,WI,Great Lakes,Urban,"Milwaukee, Wisconsin",Merit,"$36,615","15,675",344,2%,"$3,739",11%,176,R/O,95%,N/A,18-25,3.2
Ursinus College,PA,Mid-Atlantic,Suburban,"Collegeville, Pennsylvania",,"$75,962",,,,,,86,LAC,82%,1180-1380,28-32,3.6
Utica College,NY,Mid-Atlantic,Urban,"Utica, New York",Merit,"$39,718","2,140",21,1%,"$8,586",57%,64,R/O,81%,1084-1250,23-32,3.3
Valparaiso University,IN,Great Lakes,City,"Valparaiso, Indiana",Merit,"$60,796","2,466",100,4%,"$26,174",43%,201,NU,94%,1140-1360,27-30,3.7
Vanderbilt University,TN,New England,Urban,"Nashville, Tennessee",Need & Merit,"$84,412","7,082",725,10%,"$71,703",25%,18,NU,7%,1490-1570,34-35,3.9
Vassar College,NY,Mid-Atlantic,N/A,"Poughkeepsie, New York",Need-Based,"$83,610","2,601",176,7%,"$68,953",31%,16,LAC,19%,1430-1535,32-34,N/A
Villanova University,PA,Mid-Atlantic,Suburban,"Villanova, Pennsylvania",Need & Merit,"$81,105","6,756",144,2%,"$58,332",68%,67,NU,23%,1380-1500,32-34,3.9
Virginia Commonwealth University,VA,New England,N/A,"Richmond, Virginia",,"$57,025","18,721",376,2%,"$16,757",43%,38,R/O,91%,1030-1290,22-30,3.7
Virginia Military Institute,VA,New England,City,"Lexington, Virginia",Need & Merit,"$63,546","1,652",27,2%,"$1,500",4%,63,LAC,71%,1105-1300,22-29,3.7
Virginia Tech,VA,New England,N/A,"Blacksburg, Virginia",No Aid,"$52,526","28,886",1332,5%,,,47,NU,57%,1220-1420,26-32,N/A
Wabash College,IN,Great Lakes,City,"Crawfordsville, Indiana",Merit,"$62,825",834,44,5%,"$39,401",98%,59,LAC,61%,1122-1320,22-30,3.6
Wake Forest University,NC,New England,N/A,"Winston-Salem, North Carolina",Merit,"$82,988","5,388",466,9%,"$15,728",11%,47,NU,21%,1380-1510,31-34,N/A
Warren Wilson College,NC,Southeast,Suburban,"Asheville, North Carolina",,"$53,600",,,,,,186-204,LAC,84%,N/A,24-30,N/A
Wartburg College,IA,Plains,Rural,"Waverly, Iowa",Need & Merit,"$61,870","1,463",87,6%,"$31,292",118%,156,LAC,97%,970-1120,19-25,3.6
Washington & Jefferson College,PA,Mid-Atlantic,Suburban,"Washington, Pennsylvania",Merit,"$65,916","1,149",12,1%,"$40,036",100%,89,LAC,88%,1010-1250,19-28,3.5
Washington and Lee University,VA,Southeast,City,"Lexington, Virginia",Need & Merit,"$82,990","1,861",119,6%,"$78,588",86%,21,LAC,17%,1410-1533,32-34,N/A
Washington College,MD,Mid-Atlantic,Rural,"Chestertown, Maryland",Merit,"$70,375",928,27,3%,"$31,737",93%,93,LAC,75%,1190-1390,25-29,3.7
Washington State University,WA,West Coast,Rural,"Pullman, Washington",Need & Merit,"$45,427","21,189",691,3%,"$14,735",42%,178,NU,83%,N/A,N/A,3.5
Washington University in St. Louis,MO,Plains,City,"St. Louis, Missouri",Need & Merit,"$83,476","7,401",591,8%,"$69,382",5%,24,NU,11%,1500-1570,33-35,N/A
Wellesley College,MA,New England,Suburban,"Wellesley, Massachusetts",,"$83,050","2,349",340,14%,"$82,892",24%,4,LAC,14%,1430-1550,33-35,N/A
Wells College,NY,Mid-Atlantic,N/A,"Aurora, New York",,"$51,012",,,,,,152,LAC,68%,N/A,N/A,N/A
Wentworth Institute of Technology,MA,New England,City,"Boston, Massachusetts",Merit,"$57,380","3,379",175,5%,"$9,280",93%,33,R/O,92%,1120-1340,25-31,3.4
Wesleyan University,CT,New England,City,"Middletown, Connecticut",Need & Merit,"$85,172","3,000",311,10%,"$83,185",27%,11,LAC,14%,1440-1550,33-35,N/A
Western Washington University,WA,West Coast,Suburban,"Bellingham, Washington",Merit,"$46,781","12,157",126,1%,"$8,775",68%,24,R/O,93%,1130-1340,25-30,3.5
Westminster University (UT),UT,Rocky Mts,N/A,"Salt Lake City, Utah",Need & Merit,"$56,351",920,49,5%,"$9,101",94%,21,R/O,70%,1166-1373,23-29,3.6
Westmont College,CA,West Coast,City,"Santa Barbara, California",Merit,"$68,826","1,272",21,2%,"$50,103",105%,107,LAC,82%,1210-1420,30-33,3.6
Wheaton College (IL),IL,Great Lakes,N/A,"Wheaton, Illinois",Need & Merit,"$56,780","2,081",75,4%,"$21,320",85%,56,LAC,89%,1250-1430,28-33,3.7
Wheaton College (MA),MA,New England,Suburban,"Norton, Massachusetts",,"$77,030",,,,,,75,LAC,80%,1200-1400,27-32,3.7
Whitman College,WA,West Coast,N/A,"Walla Walla, Washington",Need & Merit,"$75,042","1,450",175,12%,"$51,808",78%,46,LAC,48%,1293-1473,30-33,3.6
Whitworth College,WA,West Coast,Suburban,"Spokane, Washington",,"$66,313",,,,,,7,R/O,91%,1110-1350,19-27,3.7
Widener University,PA,Mid-Atlantic,N/A,"Chester, Pennsylvania",Merit,"$69,953","2,322",35,2%,"$32,658",77%,227,NU,88%,1105-1290,N/A,3.4
Willamette University,OR,West Coast,N/A,"Salem, Oregon",Merit,"$62,112","1,315",14,1%,"$29,616",100%,75,LAC,81%,1230-1420,27-33,3.7
Williams College,MA,New England,Rural,"Williamstown, Massachusetts",Need-Based,"$81,000","2,129",187,9%,"$78,624",68%,1,LAC,8%,1480-1570,34-35,N/A
Winona State University,MN,Plains,City,"Winona, Minnesota",,"$30,418",,,,,,35,R/O,77%,1000-1270,19-25,3.5
Wittenberg University,OH,Great Lakes,City,"Springfield, Ohio",Need & Merit,"$57,586","1,210",3,<1%,"$25,853",133%,152,LAC,94%,1020-1316,20-27,3.6
Worcester Polytechnic Institute,MA,New England,City,"Worcester, Massachusetts",Need & Merit,"$76,040","5,010",357,7%,"$20,874",84%,82,NU,57%,N/A,N/A,N/A
Xavier University of Louisiana,LA,Southeast,Urban,"New Orleans, Louisiana",Need & Merit,"$40,871","2,603",42,2%,"$12,495",98%,16,R/O,95%,1000-1160,20-25,3.7
Yale University,CT,New England,City,"New Haven, Connecticut",Need-Based,"$85,120","6,588",690,10%,"$72,599",17%,5,NU,5%,1500-1580,33-35,N/A
Yeshiva University,NY,Mid-Atlantic,Urban,"New York, New York",Need & Merit,"$69,300","2,797",180,6%,"$54,732",93%,105,NU,63%,1250-1500,26-33,3.5
York College of Pennsylvania,PA,Mid-Atlantic,N/A,"York, Pennsylvania",Merit,"$38,900","2,960",28,1%,"$9,152",86%,80,R/O,96%,1010-1220,22-27,3.5
